Height,Weight,Age,Grip_strength,Frailty,Grip_strength_normalized
65.8,112,30,30,0,0.9166666666666666
71.5,136,19,31,0,1.0
69.4,153,45,29,0,0.8333333333333334
68.2,142,22,28,1,0.75
67.8,144,29,24,1,0.4166666666666667
68.7,123,50,26,0,0.5833333333333334
69.8,141,51,22,1,0.25
70.1,136,23,20,1,0.08333333333333333
67.9,112,17,19,0,0.0
66.8,120,39,31,0,1.0
